{
  "keybinds": [
    {
      "name": "ReinitUI",
      "keys": [
        "F12"
      ]
    },
    {
      "name": "TimingsDebug",
      "keys": [
        "F10"
      ]
    },
    {
      "name": "UndoDebug",
      "keys": [
        "F8"
      ]
    },
    {
      "name": "ModsDebug",
      "keys": [
        "F7"
      ]
    },
    {
      "name": "ClearErrors",
      "keys": [
        "Escape"
      ]
    },
    {
      "name": "MoveMultiplier",
      "keys": []
    },
    {
      "name": "MoveUp",
      "keys": [
        "Up"
      ]
    },
    {
      "name": "MoveDown",
      "keys": [
        "Down"
      ]
    },
    {
      "name": "MoveDown",
      "keys": [
        "S"
      ]
    },
    {
      "name": "MoveDown",
      "keys": [
        "Q"
      ]
    },
    {
      "name": "MoveDown",
      "keys": [
        "LeftShift",
        "Z"
      ]
    },
    {
      "name": "MoveLeft",
      "keys": [
        "Left"
      ]
    },
    {
      "name": "MoveRight",
      "keys": [
        "Right"
      ]
    },
    {
      "name": "DeleteObject",
      "keys": [
        "Delete"
      ]
    },
    {
      "name": "DeleteObject",
      "keys": [
        "Back"
      ]
    },
    {
      "name": "DeleteConnection",
      "keys": [
        "Delete"
      ]
    },
    {
      "name": "DeleteConnection",
      "keys": [
        "Back"
      ]
    },
    {
      "name": "NewConnectionPoint",
      "keys": [
        "LeftButton"
      ]
    },
    {
      "name": "Pan",
      "keys": [
        "LeftShift",
        "LeftButton"
      ]
    },
    {
      "name": "Drag",
      "keys": [
        "LeftButton"
      ]
    },
    {
      "name": "Drag",
      "keys": [
        "LeftButton"
      ]
    },
    {
      "name": "Select",
      "keys": [
        "LeftButton"
      ]
    },
    {
      "name": "AddToSelection",
      "keys": [
        "Shift"
      ]
    },
    {
      "name": "SubFromSelection",
      "keys": [
        "Control"
      ]
    },
    {
      "name": "Undo",
      "keys": [
        "Control",
        "Z"
      ]
    },
    {
      "name": "Redo",
      "keys": [
        "Control",
        "Y"
      ]
    },
    {
      "name": "SelectAll",
      "keys": [
        "Control",
        "A"
      ]
    },
    {
      "name": "Cut",
      "keys": [
        "Control",
        "X"
      ]
    },
    {
      "name": "Copy",
      "keys": [
        "Control",
        "C"
      ]
    },
    {
      "name": "Paste",
      "keys": [
        "Control",
        "V"
      ]
    },
    {
      "name": "CopyImage",
      "keys": [
        "Control",
        "Shift",
        "C"
      ]
    }
  ],
  "installations": [],
  "currentInstall": "steam",
  "bgColor": 4293760356
}