{
  "WindowPadding": [
    8,
    8
  ],
  "FramePadding": [
    4,
    3
  ],
  "ItemSpacing": [
    8,
    4
  ],
  "ItemInnerSpacing": [
    4,
    4
  ],
  "TouchExtraPadding": [
    0,
    0
  ],
  "IndentSpacing": 21,
  "ScrollbarSize": 14,
  "GrabMinSize": 12,
  "WindowBorderSize": 1,
  "ChildBorderSize": 1,
  "PopupBorderSize": 1,
  "FrameBorderSize": 0,
  "TabBorderSize": 1,
  "TabBarBorderSize": 1,
  "WindowRounding": 4,
  "ChildRounding": 4,
  "FrameRounding": 4,
  "PopupRounding": 4,
  "ScrollbarRounding": 9,
  "GrabRounding": 4,
  "TabRounding": 4,
  "CellPadding": [
    4,
    2
  ],
  "TableAngledHeadersAngle": 35.000004,
  "WindowTitleAlign": [
    0,
    0.5
  ],
  "WindowMenuButtonPosition": "left",
  "ColorButtonPosition": "right",
  "ButtonTextAlign": [
    0.5,
    0.5
  ],
  "SelectableTextAlign": [
    0,
    0
  ],
  "SeparatorTextBorderSize": 3,
  "SeparatorTextAlign": [
    0,
    0.5
  ],
  "SeparatorTextPadding": [
    20,
    3
  ],
  "LogSliderDeadzone": 4,
  "Colors": {
    "Text": [
      0,
      0,
      0,
      1
    ],
    "TextDisabled": [
      0.6,
      0.6,
      0.6,
      1
    ],
    "WindowBg": [
      1,
      1,
      1,
      1
    ],
    "ChildBg": [
      1,
      1,
      1,
      0
    ],
    "PopupBg": [
      1,
      1,
      1,
      0.98
    ],
    "Border": [
      0,
      0,
      0,
      1
    ],
    "BorderShadow": [
      0,
      0,
      0,
      0
    ],
    "FrameBg": [
      0.9116022,
      0.9116022,
      0.9116022,
      1
    ],
    "FrameBgHovered": [
      0.95027626,
      0.95027626,
      0.95027626,
      0.4
    ],
    "FrameBgActive": [
      0.7237569,
      0.7237569,
      0.7237569,
      0.67
    ],
    "TitleBg": [
      1,
      1,
      1,
      1
    ],
    "TitleBgActive": [
      0.9392265,
      0.9392265,
      0.9392265,
      1
    ],
    "TitleBgCollapsed": [
      1,
      1,
      1,
      0.51
    ],
    "MenuBarBg": [
      0.86,
      0.86,
      0.86,
      1
    ],
    "ScrollbarBg": [
      0.98,
      0.98,
      0.98,
      0.53
    ],
    "ScrollbarGrab": [
      0,
      0,
      0,
      0.8
    ],
    "ScrollbarGrabHovered": [
      0.11602211,
      0.11602211,
      0.11602211,
      0.8
    ],
    "ScrollbarGrabActive": [
      0.2154696,
      0.2154696,
      0.2154696,
      1
    ],
    "CheckMark": [
      0,
      0,
      0,
      1
    ],
    "SliderGrab": [
      0,
      0,
      0,
      0.78
    ],
    "SliderGrabActive": [
      0.31491715,
      0.31491715,
      0.31491715,
      0.6
    ],
    "Button": [
      0.74033153,
      0.74033153,
      0.74033153,
      1
    ],
    "ButtonHovered": [
      0.7679558,
      0.7679558,
      0.7679558,
      1
    ],
    "ButtonActive": [
      0.8508287,
      0.8508287,
      0.8508287,
      1
    ],
    "Header": [
      0,
      0,
      0,
      0.31
    ],
    "HeaderHovered": [
      0.5469613,
      0.5469613,
      0.5469613,
      0.8
    ],
    "HeaderActive": [
      0.35359114,
      0.35359114,
      0.35359114,
      1
    ],
    "Separator": [
      0,
      0,
      0,
      0.62
    ],
    "SeparatorHovered": [
      0,
      0,
      0,
      0.78
    ],
    "SeparatorActive": [
      0,
      0,
      0,
      1
    ],
    "ResizeGrip": [
      0.35,
      0.35,
      0.35,
      0.17
    ],
    "ResizeGripHovered": [
      0,
      0,
      0,
      0.67
    ],
    "ResizeGripActive": [
      0,
      0,
      0,
      0.95
    ],
    "TabHovered": [
      0.28176796,
      0.28176796,
      0.28176796,
      0.8
    ],
    "Tab": [
      0.83425415,
      0.83425415,
      0.83425415,
      0.931
    ],
    "TabSelected": [
      0.7237569,
      0.7237569,
      0.7237569,
      1
    ],
    "TabSelectedOverline": [
      0.26,
      0.59,
      0.98,
      0
    ],
    "TabDimmed": [
      0.9208,
      0.9274,
      0.9352,
      0.9862
    ],
    "TabDimmedSelected": [
      0.8508287,
      0.8508287,
      0.8508287,
      1
    ],
    "TabDimmedSelectedOverline": [
      0.26,
      0.59,
      1,
      0
    ],
    "DockingPreview": [
      0,
      0,
      0,
      0.217
    ],
    "DockingEmptyBg": [
      0.2,
      0.2,
      0.2,
      1
    ],
    "PlotLines": [
      0.39,
      0.39,
      0.39,
      1
    ],
    "PlotLinesHovered": [
      1,
      0.43,
      0.35,
      1
    ],
    "PlotHistogram": [
      0.9,
      0.7,
      0,
      1
    ],
    "PlotHistogramHovered": [
      1,
      0.45,
      0,
      1
    ],
    "TableHeaderBg": [
      0.78,
      0.87,
      0.98,
      1
    ],
    "TableBorderStrong": [
      0.57,
      0.57,
      0.64,
      1
    ],
    "TableBorderLight": [
      0.68,
      0.68,
      0.74,
      1
    ],
    "TableRowBg": [
      0,
      0,
      0,
      0
    ],
    "TableRowBgAlt": [
      0.3,
      0.3,
      0.3,
      0.09
    ],
    "TextLink": [
      0,
      1,
      0.16438341,
      1
    ],
    "TextSelectedBg": [
      0.26,
      0.59,
      0.98,
      0.35
    ],
    "DragDropTarget": [
      0.26,
      0.59,
      0.98,
      0.95
    ],
    "NavHighlight": [
      0.26,
      0.59,
      0.98,
      0.8
    ],
    "NavWindowingHighlight": [
      0.7,
      0.7,
      0.7,
      0.7
    ],
    "NavWindowingDimBg": [
      0.2,
      0.2,
      0.2,
      0.2
    ]
  }
}